student_id,full_name,class_name,attendance,assignment,midterm,final
SV001,Vu Anh Linh,CTK46A,8.0,7.0,6.5,8.5
SV002,Phan Minh Quynh,CTK46B,7.0,6.5,4.5,5.5
SV003,Phan Tuan Huy,CTK46C,7.0,7.5,6.5,8.0
SV004,Vu Tuan Nga,CTK46D,5.0,5.5,3.0,5.0
SV005,Tran Hong Long,CTK46E,5.5,6.5,5.5,2.0
SV006,Ngo Quoc Quan,CTK46A,10.0,9.5,1.0,0.5
SV007,Vu Hong Quynh,CTK46B,6.0,6.5,6.0,5.5
SV008,Le Ngoc Hieu,CTK46C,8.5,8.5,7.0,6.5
SV009,Pham Bao Lam,CTK46D,5.5,6.0,5.5,3.5
SV010,Do Xuan Huy,CTK46E,3.5,3.5,3.5,4.5
SV011,Do Hong Binh,CTK46A,7.0,5.5,5.5,6.5
SV012,Le Duc Tung,CTK46B,7.0,7.0,4.5,4.5
SV013,Vu Quoc Hieu,CTK46C,4.0,4.5,11.5,2.5
SV014,Hoang Tuan Ha,CTK46D,8.0,7.0,6.0,6.5
SV015,Huynh Thanh Ngoc,CTK46E,9.0,8.0,9.5,7.5
SV016,Vu Van Yen,CTK46A,5.5,5.0,4.5,6.0
SV017,Hoang Xuan Giang,CTK46B,7.5,7.5,8.0,7.5
SV018,Dang Thu Hieu,CTK46C,7.5,9.0,7.5,7.5
SV019,Bui Ngoc Trinh,CTK46D,7.5,8.5,6.5,7.0
SV020,Ly Thanh Ngoc,CTK46E,6.5,5.0,5.5,5.5
SV021,Vo Quoc Trang,CTK46A,10.0,9.5,9.0,7.5
SV022,Phan Quoc Chau,CTK46B,9.0,8.5,8.0,8.0
SV023,Hoang Quoc Quynh,CTK46C,7.5,8.0,5.5,5.5
SV024,Vo Thu Yen,CTK46D,10.0,7.5,8.0,8.0
SV025,Hoang Tuan Tung,CTK46E,7.5,7.0,5.0,6.5
SV026,Pham Van Ha,CTK46A,10.0,9.0,8.0,8.0
SV027,Bui Duc Hoa,CTK46B,9.5,10.0,9.0,10.0
SV028,Hoang Van Thao,CTK46C,8.5,8.0,8.0,6.5
SV029,Ngo Hong Long,CTK46D,6.5,6.0,6.5,5.5
SV030,Le Gia Ngoc,CTK46E,7.5,7.5,7.5,7.5
SV031,Hoang Minh Huy,CTK46A,5.0,6.0,5.5,6.0
SV032,Le Anh Khanh,CTK46B,,9.0,9.0,7.5
SV033,Pham Anh Thao,CTK46C,8.0,6.5,7.0,6.0
SV034,Duong Thanh Huy,CTK46D,6.5,6.0,4.5,6.5
SV035,Huynh Ngoc Chau,CTK46E,8.0,8.0,8.0,7.0
SV036,Do Thi Quan,CTK46A,9.0,9.0,7.5,8.0
SV037,Ly Bao Yen,CTK46B,7.5,7.5,4.5,7.0
SV038,Huynh Minh Son,CTK46C,6.0,6.0,5.0,6.5
SV039,Ho Bao Hoa,CTK46D,8.5,7.5,5.0,4.0
SV040,Vu Thi Ngoc,CTK46E,8.5,6.5,5.5,6.0
SV041,Tran Thi Tung,CTK46A,10.0,9.5,9.5,9.5
SV042,Hoang Van Lam,CTK46B,6.0,2.5,3.5,4.5
SV043,Duong Anh Phong,CTK46C,6.0,6.5,7.0,5.0
SV044,Ly Minh Giang,CTK46D,7.0,6.5,5.5,5.0
SV045,Bui Thi Phong,CTK46E,6.5,5.0,5.5,6.5
SV046,Ho Xuan Ha,CTK46A,8.0,8.5,7.5,8.0
SV047,Hoang Tuan Huy,CTK46B,10.0,-1.0,9.5,8.0
SV048,Dang Kim Linh,CTK46C,9.5,9.0,8.0,8.5
SV049,Le Quoc Nga,CTK46D,7.0,7.0,7.0,7.0
SV050,Pham Anh Mai,CTK46E,6.0,5.0,5.0,5.0
SV051,Pham Tuan Ngan,CTK46A,10.0,9.5,8.5,9.0
SV052,Tran Bao Yen,CTK46B,7.5,8.5,7.0,7.0
SV053,Phan Xuan Yen,CTK46C,7.5,7.5,6.5,6.0
SV054,Dang Ngoc Trinh,CTK46D,9.0,8.5,7.5,7.5
SV055,Ngo Anh Chau,CTK46E,9.5,8.0,8.0,8.5
SV056,Hoang Tuan Hieu,CTK46A,8.5,9.0,8.0,8.0
SV057,Ngo Tuan Huy,CTK46B,5.5,4.0,6.0,4.0
SV058,Hoang Bao Quan,CTK46C,9.0,7.5,6.5,8.0
SV059,Pham Van Binh,CTK46D,8.0,8.5,7.5,9.0
SV060,Tran Anh Phuc,CTK46E,7.0,6.0,5.0,6.0
SV061,Hoang Kim Huy,CTK46A,8.5,7.5,6.5,7.0
SV062,Le Minh Son,CTK46B,5.0,6.5,4.5,5.5
SV063,Vu Kim Ngan,CTK46C,6.5,4.0,3.5,5.0
SV064,Do Gia Hieu,CTK46D,7.5,8.0,5.5,7.0
SV065,Do Ngoc Khanh,CTK46E,0.0,8.5,8.0,9.0
SV066,Bui Hong Dung,CTK46A,9.0,8.0,6.0,8.0
SV067,Do Anh Long,CTK46B,10.0,9.5,8.5,9.0
SV068,Ly Minh Long,CTK46C,4.5,6.5,4.5,5.5
SV069,Duong Xuan Thao,CTK46D,7.5,7.0,5.5,7.0
SV070,Dang Thi Linh,CTK46E,8.0,7.5,6.5,8.0
SV071,Huynh Kim Ngoc,CTK46A,8.5,9.0,7.0,7.5
SV072,Dang Anh Trinh,CTK46B,5.5,6.0,6.5,6.5
SV073,Ngo Ngoc Nam,CTK46C,7.5,7.5,5.5,6.5
SV074,Dang Xuan Ha,CTK46D,6.5,7.5,7.5,6.5
SV075,Dang Duc Quynh,CTK46E,6.0,5.0,4.5,4.0
SV076,Duong Hai Long,CTK46A,8.0,6.5,8.0,8.0
SV077,Duong Thanh Phong,CTK46B,7.5,7.5,7.5,6.5
SV078,Vo Ngoc Mai,CTK46C,7.5,4.5,3.5,4.5
SV079,Tran Minh Nga,CTK46D,9.0,7.5,7.0,7.5
SV080,Tran Kim Mai,CTK46E,6.0,5.0,3.5,5.5
SV081,Vu Van Hoa,CTK46A,8.0,6.5,6.0,7.0
SV082,Do Van Ngoc,CTK46B,8.0,7.0,6.0,6.5
SV083,Ly Bao Lam,CTK46C,9.0,8.5,7.0,8.0
SV084,Tran Gia Nam,CTK46D,7.5,5.5,5.0,5.0
SV085,Hoang Thi Thao,CTK46E,6.5,7.5,7.0,8.0
SV086,Hoang Kim Quynh,CTK46A,7.5,8.5,6.5,7.5
SV087,Bui Thu Binh,CTK46B,7.0,6.0,6.0,7.0
SV088,Vo Thi Thao,CTK46C,7.5,7.0,7.0,6.0
SV089,Le Bao An,CTK46D,6.5,6.5,,4.5
SV090,Duong Bao Tung,CTK46E,10.0,9.0,8.0,7.5
SV091,Dang Ngoc Phong,CTK46A,8.0,8.0,7.5,6.5
SV092,Huynh Thanh Son,CTK46B,7.0,3.5,5.5,5.0
SV093,Ngo Quoc Phuc,CTK46C,8.5,8.5,6.0,6.5
SV094,Ly Hong Hieu,CTK46D,7.0,7.5,6.5,6.5
SV095,Ho Ngoc Thao,CTK46E,7.0,6.0,6.0,6.0
SV096,Ngo Anh Linh,CTK46A,8.5,10.0,8.5,8.0
SV097,Duong Duc Ngoc,CTK46B,8.0,6.5,6.0,6.0
SV098,Ngo Duc Yen,CTK46C,9.5,8.0,10.0,9.5
SV099,Le Ngoc Ngan,CTK46D,5.5,4.0,4.0,3.0
SV100,Pham Thi Hoa,CTK46E,7.0,6.5,7.0,6.0
SV101,Duong Kim Yen,CTK46A,7.0,7.0,6.5,5.5
SV102,Duong Van Mai,CTK46B,7.0,6.0,4.5,5.0
SV103,Ly Xuan Phuc,CTK46C,6.0,6.0,6.0,6.5
SV104,Huynh Anh Hoa,CTK46D,6.0,6.0,5.0,4.5
SV105,Ly Xuan Linh,CTK46E,9.0,8.0,7.0,5.5
SV106,Duong Gia Ngan,CTK46A,8.0,7.5,3.5,6.0
SV107,Vo Anh Ngan,CTK46B,6.0,5.0,4.5,6.0
SV108,Tran Hong Vy,CTK46C,5.0,4.5,4.0,5.5
SV109,Do Bao Mai,CTK46D,6.5,5.5,4.0,6.5
SV110,Bui Kim Khanh,CTK46E,8.0,9.0,8.0,7.5
SV111,Le Xuan Quan,CTK46A,9.5,6.5,6.5,6.0
SV112,Pham Ngoc Thao,CTK46B,9.5,7.0,7.0,7.0
SV113,Phan Ngoc Lam,CTK46C,10.0,10.0,10.0,10.0
SV114,Bui Quoc Chau,CTK46D,6.5,4.0,4.0,4.0
SV115,Hoang Thu Linh,CTK46E,8.0,7.5,5.5,5.0
SV116,Ho Van Yen,CTK46A,9.0,8.0,9.0,7.5
SV117,Duong Quoc Mai,CTK46B,7.0,6.0,6.0,5.5
SV118,Le Gia Phong,CTK46C,5.0,4.5,3.5,5.0
SV119,Phan Ngoc Son,CTK46D,8.0,7.0,6.5,7.0
SV120,Duong Gia An,CTK46E,4.5,5.0,6.0,5.0
SV121,Vo Hai Trang,CTK46A,9.0,7.5,6.0,7.5
SV122,Bui Hai Phuc,CTK46B,9.0,8.0,5.5,7.5
SV123,Vu Kim Binh,CTK46C,6.5,7.0,7.0,5.5
SV124,Nguyen Thu Ha,CTK46D,9.5,8.0,9.0,8.5
SV125,Vo Anh Dung,CTK46E,7.5,7.5,7.0,8.0
SV126,Dang Minh Nam,CTK46A,5.5,4.5,4.5,4.5
SV127,Ly Ngoc An,CTK46B,9.5,9.0,7.5,9.0
SV128,Duong Hai Thao,CTK46C,8.0,8.5,7.0,12.0
SV129,Ho Hong Hieu,CTK46D,9.5,8.5,7.5,7.0
SV130,Ho Bao Hieu,CTK46E,7.0,6.0,6.0,7.0
SV131,Vo Gia Vy,CTK46A,7.5,8.5,6.5,7.0
SV132,Do Ngoc Ngan,CTK46B,7.0,5.5,6.0,6.5
SV133,Ly Ngoc Linh,CTK46C,6.5,5.5,5.0,6.5
SV134,Vo Thi Trang,CTK46D,8.5,7.0,8.0,7.5
SV135,Nguyen Quoc Quynh,CTK46E,4.5,4.0,3.0,4.5
SV136,Phan Thanh Giang,CTK46A,8.0,8.5,6.5,7.5
SV137,Do Anh Phong,CTK46B,6.0,5.5,6.0,6.5
SV138,Dang Anh Quan,CTK46C,7.0,5.5,8.0,6.0
SV139,Huynh Thu Huy,CTK46D,8.0,5.5,4.0,6.5
SV140,Pham Anh Ngan,CTK46E,8.0,7.0,6.5,8.0
SV141,Hoang Hong Lam,CTK46A,9.5,10.0,8.5,9.0
SV142,Le Tuan Trang,CTK46B,6.5,7.5,6.5,6.0
SV143,Ly Thi Binh,CTK46C,7.5,8.0,7.0,6.5
SV144,Phan Tuan Linh,CTK46D,6.0,7.0,7.0,7.5
SV145,Le Hai Phuc,CTK46E,6.5,6.5,7.0,6.5
SV146,Nguyen Thanh Nga,CTK46A,9.5,8.5,8.0,8.0
SV147,Do Bao Thao,CTK46B,7.5,7.5,5.5,7.0
SV148,Bui Bao Long,CTK46C,6.5,5.0,4.5,5.5
SV149,Do Anh Thao,CTK46D,7.5,6.5,6.0,6.5
SV150,Ho Ngoc Huy,CTK46E,0.0,0.0,0.0,0.0
SV151,Dang Thu Giang,CTK46A,7.5,6.5,7.0,5.5
SV152,Hoang Anh Tung,CTK46B,6.5,6.0,7.0,8.0
SV153,Tran Thanh Lam,CTK46C,8.0,7.0,6.5,7.0
SV154,Nguyen Quoc Linh,CTK46D,8.5,7.5,7.5,9.5
SV155,Bui Van Ngoc,CTK46E,5.5,5.5,4.5,5.0
SV156,Ho Van Huy,CTK46A,5.5,6.0,6.5,5.5
SV157,Duong Thu Dung,CTK46B,9.0,7.5,8.0,8.5
SV158,Huynh Duc Yen,CTK46C,10.0,9.0,8.5,9.0
SV159,Ngo Hai Phong,CTK46D,8.0,7.0,8.0,6.0
SV160,Pham Thi Trinh,CTK46E,7.5,5.5,5.5,5.5
SV161,Ly Duc Trang,CTK46A,9.5,8.0,8.5,6.5
SV162,Dang Xuan Son,CTK46B,9.5,9.0,9.0,9.0
SV163,Ho Thanh Ha,CTK46C,9.5,7.5,5.0,7.0
SV164,Vo Xuan Vy,CTK46D,6.0,7.0,4.0,4.0
SV165,Hoang Duc Long,CTK46E,7.0,6.0,5.0,5.5
SV166,Bui Kim Lam,CTK46A,6.5,6.5,5.5,5.0
SV167,Nguyen Thu Ngan,CTK46B,6.5,6.0,5.5,6.5
SV168,Do Thu An,CTK46C,6.5,5.5,5.0,5.5
SV169,Huynh Thanh Long,CTK46D,9.0,7.5,5.5,6.5
SV170,Vo Hai Binh,CTK46E,8.0,8.5,8.5,8.5
SV171,Tran Gia Tung,CTK46A,7.5,5.0,7.5,8.0
SV172,Vo Thanh Linh,CTK46B,6.0,5.0,4.5,5.0
SV173,Vu Hai Ha,CTK46C,7.5,7.0,6.0,7.0
SV174,Nguyen Xuan Chau,CTK46D,7.0,7.0,5.5,
SV175,Le Tuan Tung,CTK46E,7.5,8.0,7.5,7.0
SV176,Pham Thi Mai,CTK46A,6.5,6.5,7.0,5.0
SV177,Bui Xuan Long,CTK46B,9.0,8.5,6.0,8.0
SV178,Ly Thi Quynh,CTK46C,9.5,8.5,8.0,8.5
SV179,Ho Van Giang,CTK46D,7.5,7.5,7.0,6.0
SV180,Tran Van Hoa,CTK46E,10.0,9.0,9.0,9.5
SV181,Le Thanh Khanh,CTK46A,10.0,8.5,7.5,9.5
SV182,Huynh Hai Nga,CTK46B,9.5,7.5,8.5,7.0
SV183,Ho Thanh Chau,CTK46C,7.5,6.0,4.5,6.5
SV184,Dang Thanh Quynh,CTK46D,9.5,8.0,7.0,9.0
SV185,Tran Van Lam,CTK46E,6.5,5.0,4.5,4.0
SV186,Duong Van Thao,CTK46A,7.5,6.0,6.5,5.5
SV187,Ly Hai Ngan,CTK46B,7.0,7.0,7.0,7.0
SV188,Pham Ngoc Yen,CTK46C,8.0,6.0,6.0,8.0
SV189,Pham Hong Thao,CTK46D,6.5,3.5,5.5,3.0
SV190,Huynh Duc Tung,CTK46E,6.5,5.5,5.5,4.0
SV191,Phan Thu Ngoc,CTK46A,9.0,8.5,7.5,7.0
SV192,Le Quoc Quan,CTK46B,8.5,6.5,7.0,6.0
SV193,Huynh Ngoc Hoa,CTK46C,6.0,6.0,5.5,6.0
SV194,Bui Kim Son,CTK46D,8.5,8.0,8.0,6.5
SV195,Duong Thi Ha,CTK46E,9.5,2.0,9.0,2.5
SV196,Duong Minh Chau,CTK46A,10.0,8.5,8.5,9.0
SV197,Huynh Thu An,CTK46B,7.0,6.0,6.0,5.5
SV198,Phan Van Binh,CTK46C,5.5,6.0,5.0,6.0
SV199,Hoang Thu Ha,CTK46D,7.0,6.5,8.0,7.5
SV200,Tran Duc Ngan,CTK46E,7.0,7.5,7.5,7.5
